name,url,institutions,countries,country
René Cutura,https://dl.acm.org/profile/99659583267,"['University of Stuttgart', 'Vienna University of Technology', 'University of Vienna']","['Germany', 'Austria', 'Austria']",Germany
Cristina Morariu,https://dl.acm.org/profile/99660233714,['University of Stuttgart'],['Germany'],Germany
Zhanglin Cheng,https://dl.acm.org/profile/99659275761,['Shenzhen Institute of Advanced Technology'],['China'],China
Yunhai Wang,https://dl.acm.org/profile/82658976157,"['Shandong University', 'Shenzhen Institute of Advanced Technology']","['China', 'China']",China
Daniel Weiskopf,https://dl.acm.org/profile/81100214723,"['University of Stuttgart', 'Simon Fraser University', 'IEEE', 'University of Tübingen']","['Germany', 'Canada', 'United States', 'Germany']",Germany
Michael Sedlmair,https://dl.acm.org/profile/81375621529,"['University of Stuttgart', 'Jacobs University Bremen', 'University of Vienna', 'The University of British Columbia']","['Germany', 'Germany', 'Austria', 'Canada']",Germany
Takayuki Itoh,https://dl.acm.org/profile/81100329777,"['Ochanomizu University', 'IBM Japan, Ltd.']","['Japan', 'Japan']",Japan
Asuka Nakabayashi,https://dl.acm.org/profile/99659915690,['Ochanomizu University'],['Japan'],Japan
Mariko Hagita,https://dl.acm.org/profile/81100399955,"['Ochanomizu University', 'Keio University']","['Japan', 'Japan']",Japan
Maath Musleh,https://dl.acm.org/profile/99659915368,"['Linnaeus University, Kalmar']",['Sweden'],Sweden
Angelos Chatzimparmpas,https://dl.acm.org/profile/99659465677,"['Linnaeus University, Växjö', 'University of Western Macedonia']","['Sweden', 'Greece']",Sweden
Ilir Jusufi,https://dl.acm.org/profile/81472654517,"['Linnaeus University, Kalmar', 'Linnaeus University, Växjö', 'University of California, Davis']","['Sweden', 'Sweden', 'United States']",Sweden
Alexander Achberger,https://dl.acm.org/profile/99659248999,"['Mercedes Benz Cars', 'University of Stuttgart']","['Germany', 'Germany']",Germany
Frank Heyen,https://dl.acm.org/profile/99659583503,['University of Stuttgart'],['Germany'],Germany
Kresimir Vidakovic,https://dl.acm.org/profile/99659915852,['Stuttgart Media University'],['Germany'],Germany
Martin Büßemeyer,https://dl.acm.org/profile/99659915755,['Hasso Plattner Institute for Digital Engineering gGmbH'],['Germany'],Germany
Daniel Limberger,https://dl.acm.org/profile/82458918757,"['Hasso Plattner Institute for Digital Engineering gGmbH', 'University of Potsdam']","['Germany', 'Germany']",Germany
Willy Scheibel,https://dl.acm.org/profile/99659051346,"['University of Potsdam', 'Hasso Plattner Institute for Digital Engineering gGmbH']","['Germany', 'Germany']",Germany
Jürgen Döllner,https://dl.acm.org/profile/81100019985,"['Hasso Plattner Institute for Digital Engineering gGmbH', 'University of Potsdam', 'University of Münster']","['Germany', 'Germany', 'Germany']",Germany
Jan van Dieken,https://dl.acm.org/profile/99659916274,['Hasso Plattner Institute for Digital Engineering gGmbH'],['Germany'],Germany
Ayush Kumar,https://dl.acm.org/profile/99659275978,"['Harvard Medical School', 'Stony Brook University']","['United States', 'United States']",United States
Bharat Goel,https://dl.acm.org/profile/99659034607,['Stony Brook University'],['United States'],United States
Keshav Rajupet Premkumar,https://dl.acm.org/profile/99659915763,['Stony Brook University'],['United States'],United States
Michael Burch,https://dl.acm.org/profile/81331488994,"['University of Applied Sciences Western Switzerland', 'Eindhoven University of Technology']","['Switzerland', 'Netherlands']",Switzerland
Klaus D Mueller,https://dl.acm.org/profile/81452605314,"['Stony Brook University', 'IEEE', 'The Ohio State University']","['United States', 'United States', 'United States']",United States
Lauren Edlin,https://dl.acm.org/profile/99659915568,['Queen Mary University of London'],['U.K.'],U.K.
Joshua D Reiss,https://dl.acm.org/profile/81320493799,"['Queen Mary University of London', 'University of London']","['U.K.', 'U.K.']",U.K.
Cameron Edmond,https://dl.acm.org/profile/99659658214,['UNSW Sydney'],['Australia'],Australia
Robert Lawther,https://dl.acm.org/profile/99658723776,['UNSW Sydney'],['Australia'],Australia
Maxime Cordeil,https://dl.acm.org/profile/81488668405,"['Monash University', 'The University of Queensland', 'Federal University of Toulouse Midi-Pyrénées']","['Australia', 'Australia', 'France']",Australia
Tomasz P Bednarz,https://dl.acm.org/profile/81464670479,"['Epicentre', 'UNSW Sydney', 'CSIRO Data61', 'ARC Centre of Excellence for Mathematical & Statistical Frontiers']","['France', 'Australia', 'Australia', 'Australia']",France
Miguel Alfonso Feijóo-García,https://dl.acm.org/profile/99659914931,['Universidad El Bosque'],['Colombia'],Colombia
José Tiberio Hernández-Peñalosa,https://dl.acm.org/profile/99659915656,"['University of the Andes, Colombia']",['Colombia'],Colombia
Christina Stoiber,https://dl.acm.org/profile/99659473900,['St. Polten University of Applied Sciences'],['Austria'],Austria
Conny Walchshofer,https://dl.acm.org/profile/99659914993,['Johannes Kepler University Linz'],['Austria'],Austria
Florian Grassinger,https://dl.acm.org/profile/99659915944,['St. Polten University of Applied Sciences'],['Austria'],Austria
Holger Stitz,https://dl.acm.org/profile/87258908057,"['Johannes Kepler University Linz', 'University of Applied Sciences Upper Austria, School of Informatics, Communications and Media']","['Austria', 'Austria']",Austria
Marc Streit,https://dl.acm.org/profile/81375612900,"['Johannes Kepler University Linz', 'Harvard Medical School', 'Graz University of Technology']","['Austria', 'United States', 'Austria']",Austria
Wolfgang Aigner,https://dl.acm.org/profile/81503660777,"['St. Polten University of Applied Sciences', 'Vienna University of Technology']","['Austria', 'Austria']",Austria
Akshay Murari,https://dl.acm.org/profile/99659916186,['The University of North Carolina at Charlotte'],['United States'],United States
Elias Mahfoud,https://dl.acm.org/profile/99659090947,['The University of North Carolina at Charlotte'],['United States'],United States
Weichao Wang,https://dl.acm.org/profile/81467643151,['The University of North Carolina at Charlotte'],['United States'],United States
Aidong Lu,https://dl.acm.org/profile/81100052641,"['The University of North Carolina at Charlotte', 'The University of North Carolina System', 'Purdue University', 'IEEE']","['United States', 'United States', 'United States', 'United States']",United States
Hinako Sassa,https://dl.acm.org/profile/99659915448,['Ochanomizu University'],['Japan'],Japan
Mitsuo Yoshida,https://dl.acm.org/profile/99658718448,['Toyohashi University of Technology'],['Japan'],Japan
Oliver Moseler,https://dl.acm.org/profile/99659915576,['University of Trier'],['Germany'],Germany
Lucas Kreber,https://dl.acm.org/profile/99659915201,['University of Trier'],['Germany'],Germany
Stephan Diehl,https://dl.acm.org/profile/81100020010,"['University of Trier', 'Catholic University in Eichstätt', 'Saarland University']","['Germany', 'Germany', 'Germany']",Germany
Chen He,https://dl.acm.org/profile/99659914928,['University of Helsinki'],['Finland'],Finland
Luana Micallef,https://dl.acm.org/profile/81548012985,"['University of Copenhagen', 'Aalto University', 'INRIA Institut National de Recherche en Informatique et en Automatique', 'University of Kent']","['Denmark', 'Finland', 'France', 'U.K.']",Denmark
Barış Serim,https://dl.acm.org/profile/82259259657,"['University of Helsinki', 'Helsinki Institute for Information Technology', 'Koc University']","['Finland', 'Finland', 'Turkey']",Finland
Tung Vuong,https://dl.acm.org/profile/99659191803,['University of Helsinki'],['Finland'],Finland
Tuukka Ruotsalo,https://dl.acm.org/profile/81339525898,"['University of Helsinki', 'University of Copenhagen', 'Aalto University']","['Finland', 'Denmark', 'Finland']",Finland
Giulio Iacucci,https://dl.acm.org/profile/81100644548,"['University of Helsinki', 'Aalto University', 'Helsinki Institute for Information Technology', 'University of Oulu']","['Finland', 'Finland', 'Finland', 'Finland']",Finland
Günter Wallner,https://dl.acm.org/profile/81100493799,"['Johannes Kepler University Linz', 'University of Applied Sciences Western Switzerland']","['Austria', 'Switzerland']",Austria
Huub M M van de Wetering,https://dl.acm.org/profile/81100431196,"['Eindhoven University of Technology', ""Xi'an Jiaotong University""]","['Netherlands', 'China']",Netherlands
Freek Rooks,https://dl.acm.org/profile/99659915567,['Eindhoven University of Technology'],['Netherlands'],Netherlands
Olof Morra,https://dl.acm.org/profile/99659915351,['Eindhoven University of Technology'],['Netherlands'],Netherlands
Gonzalo Gabriel Méndez,https://dl.acm.org/profile/84460003257,"['Litoral Polytechnic School', 'University of Calgary', 'University of St Andrews']","['Ecuador', 'Canada', 'U.K.']",Ecuador
Oscar Moreno,https://dl.acm.org/profile/99659915372,['Litoral Polytechnic School'],['Ecuador'],Ecuador
Daniel Atzberger,https://dl.acm.org/profile/99659915322,"['University of Potsdam', 'Hasso Plattner Institute for Digital Engineering gGmbH']","['Germany', 'Germany']",Germany
Patricio Mendoza,https://dl.acm.org/profile/81492646025,['Litoral Polytechnic School'],['Ecuador'],Ecuador
Sebastian Eckl,https://dl.acm.org/profile/99659914952,['Reutlingen University'],['Germany'],Germany
Nick Kerschagel,https://dl.acm.org/profile/99659915658,['Reutlingen University'],['Germany'],Germany
Uwe Kloos,https://dl.acm.org/profile/81466647554,"['Reutlingen University', 'University of Applied Sciences of the Grisons', 'University of Stuttgart']","['Germany', 'Switzerland', 'Germany']",Germany
Maitreya Save,https://dl.acm.org/profile/99659915851,['NC State University'],['United States'],United States
Benjamin Allen Watson,https://dl.acm.org/profile/81100375996,"['NC State University', 'IEEE', 'Northwestern University', 'University of Alberta', 'Georgia Institute of Technology']","['United States', 'United States', 'United States', 'Canada', 'United States']",United States
Dong Li,https://dl.acm.org/profile/99659915798,['East China Normal University'],['China'],China
Hong Yin,https://dl.acm.org/profile/99659290545,['East China Normal University'],['China'],China
Changbo Wang,https://dl.acm.org/profile/81100220966,"['East China Normal University', 'Shanghai University', 'State Key Lab of CAD&CG, Zhejiang University']","['China', 'China', 'China']",China
Sicheng Song,https://dl.acm.org/profile/99659915122,['East China Normal University'],['China'],China
Kirlin Li,https://dl.acm.org/profile/99659482820,['East China Normal University'],['China'],China
Chenhui Li,https://dl.acm.org/profile/99658761360,"['East China Normal University', 'Hong Kong Polytechnic University']","['China', 'Hong Kong']",China
Qiaorui Chen,https://dl.acm.org/profile/99659915850,"['School of Aeronautics and Astronautics, Zhejiang University', 'Zhejiang University']","['China', 'China']",China
Shuai Zhang,https://dl.acm.org/profile/99659915914,"['School of Aeronautics and Astronautics, Zhejiang University', 'Zhejiang University']","['China', 'China']",China
Yao Zheng,https://dl.acm.org/profile/81452604154,"['Zhejiang University', 'School of Aeronautics and Astronautics, Zhejiang University', 'School of Computer and Computing Science']","['China', 'China', 'China']",China
Marco Schmid,https://dl.acm.org/profile/99659916273,,,
Rahel Haymoz,https://dl.acm.org/profile/99659915055,['University of Applied Sciences Western Switzerland'],['Switzerland'],Switzerland
David Schiller,https://dl.acm.org/profile/99659916017,,,
Carolin Fiedler,https://dl.acm.org/profile/99659638986,['University of Potsdam'],['Germany'],Germany
Matthias Trapp,https://dl.acm.org/profile/81375606710,"['Hasso Plattner Institute for Digital Engineering gGmbH', 'University of Potsdam']","['Germany', 'Germany']",Germany
Nico Klaassen,https://dl.acm.org/profile/99659653162,['Eindhoven University of Technology'],['Netherlands'],Netherlands
Haoran Dai,https://dl.acm.org/profile/99659483556,"['State Key Lab of CAD&CG, Zhejiang University']",['China'],China
Yubo Tao,https://dl.acm.org/profile/81421599679,"['State Key Lab of CAD&CG, Zhejiang University', 'Zhejiang University']","['China', 'China']",China
Hai Lin,https://dl.acm.org/profile/81408600175,"['State Key Lab of CAD&CG, Zhejiang University', 'Zhejiang University', 'Fudan University']","['China', 'China', 'China']",China
Hao Tang,https://dl.acm.org/profile/99659483577,['Hangzhou Dianzi University'],['China'],China
Sixiang Fei,https://dl.acm.org/profile/99659482760,['Hangzhou Dianzi University'],['China'],China
Xiaoying Shi,https://dl.acm.org/profile/99659482636,['Hangzhou Dianzi University'],['China'],China
Hanbyul Yeon,https://dl.acm.org/profile/99658765084,['Sejong University'],['South Korea'],South Korea
Mingyu Pi,https://dl.acm.org/profile/99659482864,['Sejong University'],['South Korea'],South Korea
Hyesook Son,https://dl.acm.org/profile/99659483077,['Sejong University'],['South Korea'],South Korea
Yun Jang,https://dl.acm.org/profile/81372592812,"['Sejong University', 'Swiss Federal Institute of Technology, Zurich', 'Purdue University']","['South Korea', 'Switzerland', 'United States']",South Korea
Rohan Goel,https://dl.acm.org/profile/99659291193,"['Birla Institute of Technology and Science, Pilani']",['India'],India
Samiha Fadloun,https://dl.acm.org/profile/99659290090,['University of Montpellier'],['France'],France
Sarah Valentin,https://dl.acm.org/profile/99659290844,['University of Montpellier'],['France'],France
Arnaud Sallaberry,https://dl.acm.org/profile/81375620314,"['University of Montpellier', 'Universite Paul-Valery Montpellier III', 'University of California, Davis']","['France', 'France', 'United States']",France
Mathieu Roche,https://dl.acm.org/profile/81384592979,"['Territoires, Environnement, Télédétection et Information Spatiale', 'University of Montpellier', 'CIRAD']","['France', 'France', 'France']",France
Pascal Poncelet,https://dl.acm.org/profile/81100236660,['University of Montpellier'],['France'],France
Humphrey O Obie,https://dl.acm.org/profile/99659291871,"['Monash University', 'Swinburne University of Technology']","['Australia', 'Australia']",Australia
Caslon Chua,https://dl.acm.org/profile/81490649118,['Swinburne University of Technology'],['Australia'],Australia
Iman Avazpour,https://dl.acm.org/profile/81440623086,"['Deakin University', 'Swinburne University of Technology']","['Australia', 'Australia']",Australia
Mohamed Almorsy Abdelrazek,https://dl.acm.org/profile/99659003381,['Deakin University'],['Australia'],Australia
John C. Grundy,https://dl.acm.org/profile/81100261843,"['Monash University', 'Deakin University', 'Swinburne University of Technology', 'The University of Auckland']","['Australia', 'Australia', 'Australia', 'New Zealand']",Australia
Yaru Du,https://dl.acm.org/profile/99659289556,,,
Liang Zhou,https://dl.acm.org/profile/99659493271,"['The University of Utah', 'University of Stuttgart']","['United States', 'Germany']",United States
Hansjörg Schmauder,https://dl.acm.org/profile/81490688158,['University of Stuttgart'],['Germany'],Germany
Xiaoyu Wang,https://dl.acm.org/profile/99659256604,['The University of Texas at Dallas'],['United States'],United States
Yufeng Liu,https://dl.acm.org/profile/99659194249,['Hohai University'],['China'],China
Jie Li,https://dl.acm.org/profile/99658620368,"['Tianjin University', 'Nanjing University']","['China', 'China']",China
K. Zhang,https://dl.acm.org/profile/81350576955,"['The University of Texas at Dallas', 'Tianjin University', 'IEEE']","['United States', 'China', 'United States']",United States
Daniil Rodin,https://dl.acm.org/profile/99659291201,['Technion - Israel Institute of Technology'],['Israel'],Israel
Gershon Elber,https://dl.acm.org/profile/81100400502,"['Technion - Israel Institute of Technology', 'IEEE', 'The University of Utah']","['Israel', 'United States', 'United States']",Israel
Mehmood Ghaffar,https://dl.acm.org/profile/99659292007,['Bielefeld University'],['Germany'],Germany
Niklas Biere,https://dl.acm.org/profile/99659292087,['Bielefeld University'],['Germany'],Germany
Daniel Jäger,https://dl.acm.org/profile/99659290368,['Bielefeld University'],['Germany'],Germany
Karsten Klein,https://dl.acm.org/profile/81100141840,"['Monash University', 'University of Konstanz', 'The University of Sydney', 'Technical University Dortmund']","['Australia', 'Germany', 'Australia', 'Germany']",Australia
Falk Schreiber,https://dl.acm.org/profile/81100087062,"['University of Konstanz', 'Monash University', 'Martin Luther University of Halle-Wittenberg']","['Germany', 'Australia', 'Germany']",Germany
Olaf Kruse,https://dl.acm.org/profile/99659291490,['Bielefeld University'],['Germany'],Germany
Björn Sommer,https://dl.acm.org/profile/99658771476,"['Royal College of Art', 'University of Konstanz', 'Monash University', 'Bielefeld University']","['U.K.', 'Germany', 'Australia', 'Germany']",U.K.
Luca Marzialetti,https://dl.acm.org/profile/99659289305,['Roma Tre University'],['Italy'],Italy
Massimo Candela,https://dl.acm.org/profile/99659290958,['University of Pisa'],['Italy'],Italy
Giuseppe Di Battista,https://dl.acm.org/profile/81100464555,"['Roma Tre University', 'Basilicata University Potenza', 'Sapienza University of Rome']","['Italy', 'Italy', 'Italy']",Italy
Gerald Baulig,https://dl.acm.org/profile/99659291294,,,
Tobias Boley,https://dl.acm.org/profile/99659292088,,,
Arjana Mehmeti,https://dl.acm.org/profile/99659290889,,,
Dina Kurbanismailova,https://dl.acm.org/profile/99659291964,,,
Marc Roswag,https://dl.acm.org/profile/99659291329,,,
Oliver Streicher,https://dl.acm.org/profile/99659292148,,,
Steffen Wittig,https://dl.acm.org/profile/99659289339,,,
Nico Reski,https://dl.acm.org/profile/99658638708,"['Linnaeus University, Växjö']",['Sweden'],Sweden
Aris Alissandrakis,https://dl.acm.org/profile/81310502395,"['Linnaeus University, Växjö', 'Linnaeus University, Kalmar', 'University of Hertfordshire']","['Sweden', 'Sweden', 'U.K.']",Sweden
Kostiantyn Kucher,https://dl.acm.org/profile/81486656627,"['Linnaeus University, Växjö', 'Linnaeus University, Kalmar']","['Sweden', 'Sweden']",Sweden
Rafael Messias Martins,https://dl.acm.org/profile/99659192192,"['Linnaeus University, Växjö', 'Linnaeus University, Kalmar']","['Sweden', 'Sweden']",Sweden
Andreas Kerren,https://dl.acm.org/profile/81100367883,"['Linnaeus University, Växjö', 'Linnaeus University, Kalmar', 'University of Kaiserslautern', 'Vienna University of Technology']","['Sweden', 'Sweden', 'Germany', 'Austria']",Sweden
Maria Skeppstedt,https://dl.acm.org/profile/81470654834,"['University of Potsdam', 'Stockholm University']","['Germany', 'Sweden']",Germany
Alisa Lincke,https://dl.acm.org/profile/99659291514,"['Linnaeus University, Växjö']",['Sweden'],Sweden
Jenny Lundberg,https://dl.acm.org/profile/81100336369,['Blekinge Institute of Technology'],['Sweden'],Sweden
Maria Thunander,https://dl.acm.org/profile/99659289733,['Lund University'],['Sweden'],Sweden
Marcelo Milrad,https://dl.acm.org/profile/81100334854,"['Linnaeus University, Växjö', 'Linnaeus University, Kalmar']","['Sweden', 'Sweden']",Sweden
Jonas Lundberg,https://dl.acm.org/profile/81339515283,"['Linköping University', 'Linnaeus University, Växjö', 'Linnaeus University, Kalmar']","['Sweden', 'Sweden', 'Sweden']",Sweden
Daniel Toll,https://dl.acm.org/profile/81501663475,"['Linnaeus University, Kalmar']",['Sweden'],Sweden
Anna Wingkvist,https://dl.acm.org/profile/81442618410,"['Linnaeus University, Växjö', 'Linnaeus University, Kalmar']","['Sweden', 'Sweden']",Sweden
Tomohiro Kawanabe,https://dl.acm.org/profile/99659292129,['Riken'],['Japan'],Japan
Jorji Nonaka,https://dl.acm.org/profile/81100125090,"['Riken', 'Kyoto University']","['Japan', 'Japan']",Japan
Kenji Ono,https://dl.acm.org/profile/81100261727,"['Kyushu University', 'Riken', 'Toshiba Corporation']","['Japan', 'Japan', 'Japan']",Japan
Tu Xing,https://dl.acm.org/profile/99659291920,['Shenzhen University'],['China'],China
Anna Sara Fagerholm,https://dl.acm.org/profile/99659290153,['Mid Sweden University'],['Sweden'],Sweden
Mattias Andersson,https://dl.acm.org/profile/81496672621,['Mid Sweden University'],['Sweden'],Sweden
Björn Zimmer,https://dl.acm.org/profile/81482662429,"['University of Applied Sciences Upper Austria, School of Informatics, Communications and Media', 'Linnaeus University, Växjö', 'Hannover University of Applied Sciences']","['Austria', 'Sweden', 'Germany']",Austria
Jan Zenisek,https://dl.acm.org/profile/99659185142,"['University of Applied Sciences Upper Austria, Wels', 'University of Applied Sciences Upper Austria, School of Informatics, Communications and Media', 'University of Applied Sciences Upper Austria, School of Management']","['Austria', 'Austria', 'Austria']",Austria
Hans-Christian Jetter,https://dl.acm.org/profile/81361609796,['University of Lübeck'],['Germany'],Germany
Hyunwoo Han,https://dl.acm.org/profile/99658768907,['Ajou University'],['South Korea'],South Korea
Taerin Yoon,https://dl.acm.org/profile/99659290729,['Ajou University'],['South Korea'],South Korea
Hyeonsik Gong,https://dl.acm.org/profile/99659288906,['Ajou University'],['South Korea'],South Korea
Kyungwon Lee,https://dl.acm.org/profile/81458652821,['Ajou University'],['South Korea'],South Korea
Zana Vosough,https://dl.acm.org/profile/99659194221,"['SAP AG', 'Technische Universität Dresden']","['Germany', 'Germany']",Germany
Dietrich Kammer,https://dl.acm.org/profile/81479656070,"['Dresden University of Applied Sciences', 'Technische Universität Dresden']","['Germany', 'Germany']",Germany
Mandy Keck,https://dl.acm.org/profile/81479645196,"['University of Applied Sciences Upper Austria, School of Informatics, Communications and Media', 'Technische Universität Dresden']","['Austria', 'Germany']",Austria
Rainer Groh,https://dl.acm.org/profile/81372593345,['Technische Universität Dresden'],['Germany'],Germany
Fangfang Zhou,https://dl.acm.org/profile/81549260756,['Central South University'],['China'],China
Minghui Chen,https://dl.acm.org/profile/99659194235,['Central South University'],['China'],China
Zeyu Wang,https://dl.acm.org/profile/99659194186,['Central South University'],['China'],China
Feng Luo,https://dl.acm.org/profile/99659194127,['Central South University'],['China'],China
Xiaobo Luo,https://dl.acm.org/profile/99659194176,['Central South University'],['China'],China
Wei Huang,https://dl.acm.org/profile/99659194273,['Central South University'],['China'],China
Yi Chen,https://dl.acm.org/profile/81490680300,['Beijing Technology and Business University'],['China'],China
Ying Zhao,https://dl.acm.org/profile/81549278756,['Central South University'],['China'],China
Yang Zou,https://dl.acm.org/profile/99659194214,['Hohai University'],['China'],China
Xiaoqin Zeng,https://dl.acm.org/profile/81319505316,"['Hohai University', 'The University of Texas at Dallas', 'Hong Kong Polytechnic University']","['China', 'United States', 'Hong Kong']",China
Huiyi Liu,https://dl.acm.org/profile/81548020271,['Hohai University'],['China'],China
Yuhua Liu,https://dl.acm.org/profile/81549102456,"['East China Normal University', 'Shanghai University']","['China', 'China']",China
Hanfei Lin,https://dl.acm.org/profile/99659194118,['East China Normal University'],['China'],China
Yitao Liang,https://dl.acm.org/profile/99659194271,['East China Normal University'],['China'],China
Sangbong Yoo,https://dl.acm.org/profile/99658989829,['Sejong University'],['South Korea'],South Korea
Hongryeol Ryu,https://dl.acm.org/profile/99658730770,['Yonsei University'],['South Korea'],South Korea
Taekyoung ‘Taekyoung’ Kwon,https://dl.acm.org/profile/81451594353,"['Sejong University', 'Seoul National University', 'Yonsei University', 'The Ohio State University']","['South Korea', 'South Korea', 'South Korea', 'United States']",South Korea
Nils Rodrigues,https://dl.acm.org/profile/99659194260,['University of Stuttgart'],['Germany'],Germany
Rudolf Netzel,https://dl.acm.org/profile/81558361656,['University of Stuttgart'],['Germany'],Germany
Kazi Riaz Ullah,https://dl.acm.org/profile/99659194145,['University of Stuttgart'],['Germany'],Germany
Alexander Schultz,https://dl.acm.org/profile/99659194188,['Fraunhofer Institute for Solar Energy Systems ISE'],['Germany'],Germany
Bruno Burger,https://dl.acm.org/profile/81440598602,['Fraunhofer Institute for Solar Energy Systems ISE'],['Germany'],Germany
Daniel Weiskopf,https://dl.acm.org/profile/81548014780,"['University of Stuttgart', 'University of Konstanz', 'Simon Fraser University']","['Germany', 'Germany', 'Canada']",Germany
Kumaripaba Athukorala,https://dl.acm.org/profile/81500651305,"['Aalto University', 'University of Helsinki', 'Helsinki Institute for Information Technology', 'University of Oulu']","['Finland', 'Finland', 'Finland', 'Finland']",Finland
Chao An,https://dl.acm.org/profile/83058808757,"['University of Helsinki', 'Aalto University']","['Finland', 'Finland']",Finland
Aki Reijonen,https://dl.acm.org/profile/84459914957,"['University of Helsinki', 'Helsinki Institute for Information Technology']","['Finland', 'Finland']",Finland
Jaakko Peltonen,https://dl.acm.org/profile/81100125974,"['University of Tampere', 'Aalto University', 'Helsinki Institute for Information Technology']","['Finland', 'Finland', 'Finland']",Finland
Christian Bors,https://dl.acm.org/profile/99659194168,['Vienna University of Technology'],['Austria'],Austria
Markus Bögl,https://dl.acm.org/profile/81474695092,['Vienna University of Technology'],['Austria'],Austria
Theresia Gschwandtner,https://dl.acm.org/profile/81375620061,['Vienna University of Technology'],['Austria'],Austria
Silvia Miksch,https://dl.acm.org/profile/81100255622,"['Vienna University of Technology', 'Danube University Krems']","['Austria', 'Austria']",Austria
Kazuo Misue,https://dl.acm.org/profile/81100517120,"['University of Tsukuba', 'Fujitsu Ltd.']","['Japan', 'Japan']",Japan
Kosuke Otake,https://dl.acm.org/profile/99659194175,['University of Tsukuba'],['Japan'],Japan
Takahiro Saito,https://dl.acm.org/profile/99659194114,['Fujitsu Ltd.'],['Japan'],Japan
Jieliang Luo,https://dl.acm.org/profile/99659820717,,,
Donghao Ren,https://dl.acm.org/profile/84460132057,"['University of California, Santa Barbara']",['United States'],United States
George Legrady,https://dl.acm.org/profile/81320492170,"['University of California, Santa Barbara']",['United States'],United States
Congmin Li,https://dl.acm.org/profile/99659194233,['Tianjin University'],['China'],China
Boyi Li,https://dl.acm.org/profile/99659194283,['University of Toronto'],['Canada'],Canada
Amontep Wijitcharoen,https://dl.acm.org/profile/99659194157,['King Mongkuts University of Technology Thonburi'],['Thailand'],Thailand
Jonathan Hoyin Chan,https://dl.acm.org/profile/81413599918,['King Mongkuts University of Technology Thonburi'],['Thailand'],Thailand
Simon James Fong,https://dl.acm.org/profile/81339499259,"['University of Macau', 'Chinese Academy of Sciences', 'Nanyang Technological University']","['Macao', 'China', 'Singapore']",Macao
Robert P. Biuk-Aghai,https://dl.acm.org/profile/81100203521,['University of Macau'],['Macao'],Macao
Scarlet Tin,https://dl.acm.org/profile/99659194248,['University of Macau'],['Macao'],Macao
Yihang Bo,https://dl.acm.org/profile/99659194158,,,
Yi Yang,https://dl.acm.org/profile/99659194162,['Chinese Academy of Sciences'],['China'],China
Xianglei Zhu,https://dl.acm.org/profile/99659194208,['China Automotive Technology and Research Center Co. Ltd'],['China'],China
Shuai Zhao,https://dl.acm.org/profile/99659194272,['China Automotive Technology and Research Center Co. Ltd'],['China'],China
Quan Wen,https://dl.acm.org/profile/99659194136,['China Automotive Technology and Research Center Co. Ltd'],['China'],China
Wenjun Guo,https://dl.acm.org/profile/84459002557,['Ajou University'],['South Korea'],South Korea
Seungwook Kim,https://dl.acm.org/profile/99659194257,['Seoul National University'],['South Korea'],South Korea
Sangjoon Son,https://dl.acm.org/profile/99659178205,['Ajou University'],['South Korea'],South Korea
Changhyung Hong,https://dl.acm.org/profile/99659178107,['Ajou University'],['South Korea'],South Korea
Hyunjung (Helen) Shin,https://dl.acm.org/profile/81100157592,"['Ajou University', 'University of Tübingen', 'Friedrich Miescher Laboratory', 'Seoul National University', 'Max Planck Institute for Biological Cybernetics']","['South Korea', 'Germany', 'Germany', 'South Korea', 'Germany']",South Korea
Thanyathorn Thanapattheerakul,https://dl.acm.org/profile/99659127931,['King Mongkuts University of Technology Thonburi'],['Thailand'],Thailand
Jaturong Kongmanee,https://dl.acm.org/profile/99659128019,"['Michigan State University', 'Texas Tech University', 'King Mongkuts University of Technology Thonburi']","['United States', 'United States', 'Thailand']",United States
Saila Shama,https://dl.acm.org/profile/99659194254,['University of Toronto'],['Canada'],Canada
Philip Lu,https://dl.acm.org/profile/99659194245,['University of Toronto'],['Canada'],Canada
Narumol Doungpan,https://dl.acm.org/profile/99659194291,['King Mongkuts University of Technology Thonburi'],['Thailand'],Thailand
Asawin Meechai,https://dl.acm.org/profile/81384616279,['King Mongkuts University of Technology Thonburi'],['Thailand'],Thailand
Jiafan Li,https://dl.acm.org/profile/99659097484,['East China Normal University'],['China'],China
Zhijie Qiao,https://dl.acm.org/profile/99659194115,['East China Normal University'],['China'],China
Junjie Wang,https://dl.acm.org/profile/99659194278,['East China Normal University'],['China'],China
Wutthipong Kongburan,https://dl.acm.org/profile/99659154692,['King Mongkuts University of Technology Thonburi'],['Thailand'],Thailand
Praisan Padungweang,https://dl.acm.org/profile/81442613236,['King Mongkuts University of Technology Thonburi'],['Thailand'],Thailand
Worarat Krathu,https://dl.acm.org/profile/81550167556,"['King Mongkuts University of Technology Thonburi', 'Vienna University of Technology']","['Thailand', 'Austria']",Thailand
Luca Chech,https://dl.acm.org/profile/83058634857,['University of Padova'],['Italy'],Italy
Marta Vasilieva,https://dl.acm.org/profile/99659194161,['University of Helsinki'],['Finland'],Finland
Lorenzo Papa,https://dl.acm.org/profile/99659194174,['University of Padova'],['Italy'],Italy
Luciano Gamberini,https://dl.acm.org/profile/81100210885,['University of Padova'],['Italy'],Italy
Jiajing Zhang,https://dl.acm.org/profile/99659185901,['Zhejiang University'],['China'],China
Ren Peng,https://dl.acm.org/profile/81466642306,"['Zhejiang University', 'School of Computer and Computing Science']","['China', 'China']",China
Jinhui Yu,https://dl.acm.org/profile/81381602769,"['State Key Lab of CAD&CG, Zhejiang University', 'Zhejiang University']","['China', 'China']",China
Denise Junger,https://dl.acm.org/profile/99659194267,['University of Stuttgart'],['Germany'],Germany
Isabel Hagen,https://dl.acm.org/profile/99659194244,['University of Stuttgart'],['Germany'],Germany
Robin Horst,https://dl.acm.org/profile/99659194217,['University of Stuttgart'],['Germany'],Germany
Lukas Brand,https://dl.acm.org/profile/99659194195,"['Landshut University of Applied Sciences', 'University of Erlangen-Nuremberg', 'University of Stuttgart']","['Germany', 'Germany', 'Germany']",Germany
Armin Müller,https://dl.acm.org/profile/99659194159,['University of Stuttgart'],['Germany'],Germany
Benjamin Weinert,https://dl.acm.org/profile/99659194207,"['University of Oldenburg', 'University of Stuttgart']","['Germany', 'Germany']",Germany
Patrick Cheong-Iao Pang,https://dl.acm.org/profile/99658770790,"['School of Computing and Information Systems', 'University of Melbourne']","['Australia', 'Australia']",Australia
Bin Pang,https://dl.acm.org/profile/99659194227,['University of Macau'],['Macao'],Macao
Dominique Tranquille,https://dl.acm.org/profile/99659194112,['University of Brighton'],['U.K.'],U.K.
Gem Stapleton,https://dl.acm.org/profile/81339530296,"['University of Brighton', 'University of Kent']","['U.K.', 'U.K.']",U.K.
Jim Burton,https://dl.acm.org/profile/81384617071,['University of Brighton'],['U.K.'],U.K.
Peter J Rodgers,https://dl.acm.org/profile/81100642599,['University of Kent'],['U.K.'],U.K.
Thomas Gründer,https://dl.acm.org/profile/81502795846,['Technische Universität Dresden'],['Germany'],Germany
Thomas Thom,https://dl.acm.org/profile/99659194141,,,
Martin Kleinsteuber,https://dl.acm.org/profile/81479655070,"['Technical University of Munich', 'Mercateo Deutschland AG', 'Ludwig-Maximilians-University Munich', 'TUM Department of Electrical and Computer Engineering', 'The Australian National University', 'CSIRO Data61', 'Julius-Maximilian University of Würzburg']","['Germany', 'Germany', 'Germany', 'Germany', 'Australia', 'Australia', 'Germany']",Germany
Alexander Maasch,https://dl.acm.org/profile/99659194167,,,
Yuri Sato,https://dl.acm.org/profile/99659194250,['University of Brighton'],['U.K.'],U.K.
Mateja Jamnik,https://dl.acm.org/profile/81100097678,"['University of Cambridge', 'Department of Computer Science and Technology', 'The University of Edinburgh']","['U.K.', 'U.K.', 'U.K.']",U.K.
Zohreh Shams,https://dl.acm.org/profile/99658750308,"['University of Bath', 'University of Cambridge']","['U.K.', 'U.K.']",U.K.
Andrew Blake,https://dl.acm.org/profile/99658638715,['University of Brighton'],['U.K.'],U.K.
Francesco Paduano,https://dl.acm.org/profile/99659010090,['University of Illinois at Chicago'],['United States'],United States
Ronak Etemadpour,https://dl.acm.org/profile/81551311756,"['City University of New York', 'Oklahoma State University - Stillwater', 'Oklahoma State University System', 'Jacobs University Bremen']","['United States', 'United States', 'United States', 'Germany']",United States
Angus Graeme Forbes,https://dl.acm.org/profile/81474644982,"['University of California, Santa Cruz', 'Purdue University', 'University of Illinois at Chicago', 'The University of Arizona']","['United States', 'United States', 'United States', 'United States']",United States
Yun Wang,https://dl.acm.org/profile/99659020506,['Hong Kong University of Science and Technology'],['Hong Kong'],Hong Kong
Dongyu Liu,https://dl.acm.org/profile/99659070996,"['Massachusetts Institute of Technology', 'Hong Kong University of Science and Technology']","['United States', 'Hong Kong']",United States
Huamin Qu,https://dl.acm.org/profile/81100337801,"['Hong Kong University of Science and Technology', 'IEEE']","['Hong Kong', 'United States']",Hong Kong
Qiong Luo,https://dl.acm.org/profile/81339515235,"['Hong Kong University of Science and Technology', 'Tsinghua University']","['Hong Kong', 'China']",Hong Kong
Xiaojuan Ma,https://dl.acm.org/profile/81484654594,"['Hong Kong University of Science and Technology', 'University of Michigan, Ann Arbor']","['Hong Kong', 'United States']",Hong Kong
Yang Shi,https://dl.acm.org/profile/81556666156,"['Tongji University', 'Central South University']","['China', 'China']",China
Yaoxue Zhang,https://dl.acm.org/profile/81339540126,"['Tsinghua University', 'Central South University']","['China', 'China']",China
Guojun Wang,https://dl.acm.org/profile/81408600293,"['Guangzhou University', 'Central South University', 'Temple University', 'The University of Aizu', 'Hong Kong Polytechnic University']","['China', 'China', 'Italy', 'Japan', 'Hong Kong']",China
Ronghua Shi,https://dl.acm.org/profile/81470649905,['Central South University'],['China'],China
Xing Liang,https://dl.acm.org/profile/99658630885,['Arizona State University'],['United States'],United States
Rainer C Splechtna,https://dl.acm.org/profile/81100655096,"['VRVis Research Center', 'University of Maryland, College Park (UMD)']","['Austria', 'United States']",Austria
Alexandra Diehl,https://dl.acm.org/profile/99658770166,"['University of Konstanz', 'University of Buenos Aires', 'University of Maryland, College Park (UMD)']","['Germany', 'Argentina', 'United States']",Germany
Mai H Elshehaly,https://dl.acm.org/profile/81554544456,"['Virginia Polytechnic Institute and State University', 'University of Maryland, College Park (UMD)', 'University of Maryland, Baltimore (UMB)']","['United States', 'United States', 'United States']",United States
Claudio A Delrieux,https://dl.acm.org/profile/81544964956,"['South National University', 'University of Maryland, College Park (UMD)']","['Argentina', 'United States']",Argentina
Denis Gracanin,https://dl.acm.org/profile/81100637283,"['Virginia Polytechnic Institute and State University', 'University of Maryland, College Park (UMD)']","['United States', 'United States']",United States
Krešimir Matković,https://dl.acm.org/profile/81375609028,"['VRVis Research Center', 'University of Maryland, College Park (UMD)', 'IEEE']","['Austria', 'United States', 'United States']",Austria
Kouhei Yasuda,https://dl.acm.org/profile/99659068906,['The University of Tokyo'],['Japan'],Japan
Shigeo Takahashi,https://dl.acm.org/profile/81410594549,"['The University of Aizu', 'The University of Tokyo', 'IEEE']","['Japan', 'Japan', 'United States']",Japan
Hsiangyun Wu,https://dl.acm.org/profile/81440610884,"['Vienna University of Technology', 'Keio University', 'The University of Tokyo']","['Austria', 'Japan', 'Japan']",Austria
Quang Vinh Nguyen,https://dl.acm.org/profile/81100511332,"['The MARCS Institute for Brain, Behaviour and Development', 'Western Sydney University', 'University of Technology Sydney']","['Australia', 'Australia', 'Australia']",Australia
Simeon J Simoff,https://dl.acm.org/profile/81100077710,"['Western Sydney University', 'The MARCS Institute for Brain, Behaviour and Development']","['Australia', 'Australia']",Australia
Yu Qian,https://dl.acm.org/profile/81452599675,"['J. Craig Venter Institute', 'The University of Texas at Dallas']","['United States', 'United States']",United States
Maolin Huang,https://dl.acm.org/profile/81100079792,"['University of Technology Sydney', 'Tianjin University', 'Tianjin University of Technology']","['Australia', 'China', 'China']",Australia
Martin Röhlig,https://dl.acm.org/profile/99658770290,['University of Rostock'],['Germany'],Germany
H. Schumann,https://dl.acm.org/profile/81100094349,['University of Rostock'],['Germany'],Germany
Ruth West,https://dl.acm.org/profile/81320496219,"['University of North Texas', 'University of California, Los Angeles', 'University of California, San Diego']","['United States', 'United States', 'United States']",United States
Meghan Kajihara,https://dl.acm.org/profile/99659067772,['University of North Texas'],['United States'],United States
Max Parola,https://dl.acm.org/profile/99658988047,['University of North Texas'],['United States'],United States
Kathryn Hays,https://dl.acm.org/profile/99659067444,['University of North Texas'],['United States'],United States
Luke Hillard,https://dl.acm.org/profile/99659068485,['University of North Texas'],['United States'],United States
Anne Carlew,https://dl.acm.org/profile/99659067913,['University of North Texas'],['United States'],United States
Jeremey Deutsch,https://dl.acm.org/profile/99659068986,['University of North Texas'],['United States'],United States
Brandon Lane,https://dl.acm.org/profile/99659068083,['University of North Texas'],['United States'],United States
Michelle Holloway,https://dl.acm.org/profile/99658628447,['Washington University in St. Louis'],['United States'],United States
Brendan John,https://dl.acm.org/profile/87658893257,"['University of Florida', 'Rochester Institute of Technology']","['United States', 'United States']",United States
Anahita Sanandaji,https://dl.acm.org/profile/99658988516,['Oregon State University'],['United States'],United States
Cindy Marie Grimm,https://dl.acm.org/profile/81100553787,"['Oregon State University', 'Washington University in St. Louis', 'Texas A&M University', 'University of Central Florida', 'IEEE']","['United States', 'United States', 'United States', 'United States', 'United States']",United States
Zheng Huang,https://dl.acm.org/profile/99659036087,['North Dakota State University'],['United States'],United States
Jed Limke,https://dl.acm.org/profile/99659068000,['North Dakota State University'],['United States'],United States
Jun Kong,https://dl.acm.org/profile/81408600332,"['North Dakota State University', 'The University of Texas at Dallas']","['United States', 'United States']",United States
Muye Yang,https://dl.acm.org/profile/99658765217,['University of Macau'],['Macao'],Macao
Yina Li,https://dl.acm.org/profile/99658766518,['Nankai University'],['China'],China
Dongjin Li,https://dl.acm.org/profile/99658766563,['Nankai University'],['China'],China
Casey Haber,https://dl.acm.org/profile/99659068785,['University of San Francisco'],['United States'],United States
Lyndonong Yiu,https://dl.acm.org/profile/99659068146,['University of San Francisco'],['United States'],United States
Alark Joshi,https://dl.acm.org/profile/81339508109,"['University of San Francisco', 'Yale University', 'University of Maryland, Baltimore County (UMBC)', 'IEEE']","['United States', 'United States', 'United States', 'United States']",United States
Sophie Engle,https://dl.acm.org/profile/81442602782,"['University of San Francisco', 'University of California, Davis']","['United States', 'United States']",United States
Hui Lei,https://dl.acm.org/profile/99659068491,['Changsha University of Science and Technology'],['China'],China
Cong Xie,https://dl.acm.org/profile/99659067824,['Stony Brook University'],['United States'],United States
Pingping Shang,https://dl.acm.org/profile/99659068366,"['State Key Lab of CAD&CG, Zhejiang University']",['China'],China
Fan Zhang,https://dl.acm.org/profile/99659068293,"['Massachusetts Institute of Technology', 'Zhejiang University of Technology']","['United States', 'China']",United States
Weri Chen,https://dl.acm.org/profile/81548161656,"['State Key Lab of CAD&CG, Zhejiang University', 'Zhejiang University']","['China', 'China']",China
Qunsheng Peng,https://dl.acm.org/profile/81451598508,"['State Key Lab of CAD&CG, Zhejiang University', 'Zhejiang University']","['China', 'China']",China
Tobias Ruppert,https://dl.acm.org/profile/81474695617,['Fraunhofer Institute for Computer Graphics Research IGD'],['Germany'],Germany
Andreas Bannach,https://dl.acm.org/profile/99658949790,['Fraunhofer Institute for Computer Graphics Research IGD'],['Germany'],Germany
Jürgen Bernard,https://dl.acm.org/profile/81442607723,"['University of Zurich', 'The University of British Columbia', 'Fraunhofer Institute for Computer Graphics Research IGD']","['Switzerland', 'Canada', 'Germany']",Switzerland
Hendrik Lücke-Tieke,https://dl.acm.org/profile/99658654866,"['Fraunhofer Institute for Computer Graphics Research IGD', 'Athena Research and Innovation Center in Information, Communication and Knowledge Technologies']","['Germany', 'Greece']",Germany
Alex Ulmer,https://dl.acm.org/profile/99658657326,['Fraunhofer Institute for Computer Graphics Research IGD'],['Germany'],Germany
Jörn Kohlhammer,https://dl.acm.org/profile/81332509409,"['Fraunhofer Institute for Computer Graphics Research IGD', 'Technical University of Darmstadt']","['Germany', 'Germany']",Germany
Jiangen He,https://dl.acm.org/profile/99659191638,"['Drexel University', 'University of Maryland, College Park (UMD)']","['United States', 'United States']",United States
Chaomei Chen,https://dl.acm.org/profile/81100119664,"['Drexel University', 'Dalian University of Technology', 'Brunel University London', 'Glasgow Caledonian University']","['United States', 'China', 'U.K.', 'U.K.']",United States
Wenqian Ji,https://dl.acm.org/profile/99659068616,['Hohai University'],['China'],China
Yan Tang,https://dl.acm.org/profile/99659067476,['Hohai University'],['China'],China
Pengju Ma,https://dl.acm.org/profile/99659068606,['Hohai University'],['China'],China
Shijie Tang,https://dl.acm.org/profile/99659068288,['Hohai University'],['China'],China
Zhipeng Fang,https://dl.acm.org/profile/99659068325,['Hohai University'],['China'],China
Xuan Li,https://dl.acm.org/profile/99659068772,"['Baidu, Inc.']",['China'],China
Tianjian Chen,https://dl.acm.org/profile/81548022965,"['Baidu, Inc.']",['China'],China
Lina Zhang,https://dl.acm.org/profile/81490644010,"['State Key Lab of CAD&CG, Zhejiang University']",['China'],China
Kwan-Liu Ma,https://dl.acm.org/profile/81452595774,"['University of California, Davis', 'IEEE', 'NASA Langley Research Center', 'The University of Utah']","['United States', 'United States', 'United States', 'United States']",United States
Jinhui Yu,https://dl.acm.org/profile/99659664633,"['State Key Lab of CAD&CG, Zhejiang University']",['China'],China
Lu Xiong,https://dl.acm.org/profile/99659068053,['Tianjin University'],['China'],China
Kai Sun,https://dl.acm.org/profile/99659067653,['Shanghai University'],['China'],China
Zongchao Guo,https://dl.acm.org/profile/99659067563,['Shanghai University'],['China'],China
Iliesa S Delai,https://dl.acm.org/profile/99659664742,['Brigham Young University Hawaii'],['United States'],United States
Meilan Jin,https://dl.acm.org/profile/99659068939,['Brigham Young University'],['United States'],United States
Geoffrey M Draper,https://dl.acm.org/profile/81430638972,"['Brigham Young University Hawaii', 'The University of Utah']","['United States', 'United States']",United States
Seimei Matsusaki,https://dl.acm.org/profile/99659068113,['University of San Francisco'],['United States'],United States
Xi Han,https://dl.acm.org/profile/99659067967,['University of San Francisco'],['United States'],United States
Xin Kang,https://dl.acm.org/profile/99659068200,"['Ningbo University of Technology', 'Peking University', 'National Taipei University of Technology', 'Beijing University of Technology']","['China', 'China', 'Taiwan', 'China']",China
Yinan Li,https://dl.acm.org/profile/99659068315,['Southeast University'],['China'],China
Jian Wang,https://dl.acm.org/profile/99659068936,['Southeast University'],['China'],China
Daniel Wilches,https://dl.acm.org/profile/99659068554,['University of Wyoming'],['United States'],United States
Amy Banić,https://dl.acm.org/profile/83059087157,['University of Wyoming'],['United States'],United States
Sarah Hong,https://dl.acm.org/profile/99659067636,,,
Yuyi Liu,https://dl.acm.org/profile/99659067860,,,
Zhao Xiao,https://dl.acm.org/profile/99659052542,"['Tianjin University', 'East China Normal University']","['China', 'China']",China
Jie Wu,https://dl.acm.org/profile/99659067654,['Tongji University'],['China'],China
Guangxi Chen,https://dl.acm.org/profile/99659068256,['Tongji University'],['China'],China
Wang Qian,https://dl.acm.org/profile/99659068830,['Shanghai Jiao Tong University'],['China'],China
Xiao Bing,https://dl.acm.org/profile/99659067729,['Shanghai Jiao Tong University'],['China'],China
Vetria Laverne Byrd,https://dl.acm.org/profile/81487640747,"['Purdue University', 'The University of Alabama at Birmingham']","['United States', 'United States']",United States
Joseph A Cottam,https://dl.acm.org/profile/81372593397,"['Pacific Northwest National Laboratory', 'Indiana University Bloomington']","['United States', 'United States']",United States
Koji Kainou,https://dl.acm.org/profile/99658767899,['University of Tsukuba'],['Japan'],Japan
Hotaka Takizawa,https://dl.acm.org/profile/81100070397,"['University of Tsukuba', 'Toyohashi University of Technology']","['Japan', 'Japan']",Japan
Mayumi Aoyagi,https://dl.acm.org/profile/99658769229,['Aichi University of Education'],['Japan'],Japan
Nobuo Ezaki,https://dl.acm.org/profile/81309484223,"['National Institute of Technology, Toba College']",['Japan'],Japan
Shinji Mizuno,https://dl.acm.org/profile/99660176893,"['Aichi Institute of Technology', 'Toyohashi University of Technology']","['Japan', 'Japan']",Japan
Christoph Müller,https://dl.acm.org/profile/81330495342,['University of Stuttgart'],['Germany'],Germany
Guido Reina,https://dl.acm.org/profile/81336492267,['University of Stuttgart'],['Germany'],Germany
Thomas Ertl,https://dl.acm.org/profile/81332497603,['University of Stuttgart'],['Germany'],Germany
Michael Krone,https://dl.acm.org/profile/81444600345,"['University of Tübingen', 'University of Stuttgart']","['Germany', 'Germany']",Germany
Alexandros Panagiotidis,https://dl.acm.org/profile/81482658558,['University of Stuttgart'],['Germany'],Germany
Tilo Pfannkuch,https://dl.acm.org/profile/99658768097,['University of Stuttgart'],['Germany'],Germany
Andrew Kennedy,https://dl.acm.org/profile/99658767810,['The University of Sydney'],['Australia'],Australia
An Nguyen,https://dl.acm.org/profile/99658768973,['The University of Sydney'],['Australia'],Australia
Tingyu Chen,https://dl.acm.org/profile/99658767526,['National Chiao Tung University Taiwan'],['Taiwan'],Taiwan
Sai Keung Wong,https://dl.acm.org/profile/81548026358,['National Chiao Tung University Taiwan'],['Taiwan'],Taiwan
Chica Matsueda,https://dl.acm.org/profile/99658765625,['Ochanomizu University'],['Japan'],Japan
John B McGhee,https://dl.acm.org/profile/81335494516,"['UNSW Sydney', 'University of Dundee']","['Australia', 'U.K.']",Australia
Angelica G Thompson-Butel,https://dl.acm.org/profile/99658767702,"[""St. Vincent's Hospital Sydney""]",['Australia'],Australia
Steven Faux,https://dl.acm.org/profile/99658712892,"[""St. Vincent's Hospital Sydney"", 'UNSW Sydney']","['Australia', 'Australia']",Australia
Pascal Bou-Haidar,https://dl.acm.org/profile/99658767746,"[""St Vincent's Private Hospital""]",['Australia'],Australia
John Bailey,https://dl.acm.org/profile/99658766123,['UNSW Sydney'],['Australia'],Australia
Ajune Wanis Ismail,https://dl.acm.org/profile/81442594829,['Universiti Teknologi Malaysia'],['Malaysia'],Malaysia
Mark Nathan Billinghurst,https://dl.acm.org/profile/81100499261,"['University of South Australia', 'The University of Auckland', 'University of Michigan, Ann Arbor']","['Australia', 'New Zealand', 'United States']",Australia
Mohd Shahrizal Bin Sunar,https://dl.acm.org/profile/81100128492,"['Universiti Teknologi Malaysia', 'Sunway University']","['Malaysia', 'Malaysia']",Malaysia
Marco Angelini,https://dl.acm.org/profile/81537766956,['Sapienza University of Rome'],['Italy'],Italy
Giuseppe Santucci,https://dl.acm.org/profile/81100525081,"['Sapienza University of Rome', 'University of Maryland, College Park (UMD)']","['Italy', 'United States']",Italy
Zhaopeng Meng,https://dl.acm.org/profile/81498648020,['Tianjin University'],['China'],China
Eriko Koike,https://dl.acm.org/profile/99658767864,['Ochanomizu University'],['Japan'],Japan
Aditeya Pandey,https://dl.acm.org/profile/99658684477,['Tata Consultancy Services India'],['India'],India
Kunal Ranjan,https://dl.acm.org/profile/99658767511,['Tata Consultancy Services India'],['India'],India
Geetika Sharma,https://dl.acm.org/profile/81536868856,"['Tata Consultancy Services India', 'Indian Institute of Technology Delhi']","['India', 'India']",India
Lipika Dey,https://dl.acm.org/profile/81100327275,"['Tata Consultancy Services India', 'Indian Institute of Technology Delhi']","['India', 'India']",India
Yan Huang,https://dl.acm.org/profile/99659047793,"['Chinese Academy of Sciences', 'Institute of Automation Chinese Academy of Sciences']","['China', 'China']",China
Cui-Xia Ma,https://dl.acm.org/profile/81384602486,"['Institute of Software Chinese Academy of Sciences', 'Chinese Academy of Sciences']","['China', 'China']",China
Hong'an Wang,https://dl.acm.org/profile/81100220294,"['Institute of Software Chinese Academy of Sciences', 'Alibaba Group Holding Limited']","['China', 'China']",China
Katrin Scharnowski,https://dl.acm.org/profile/81503680067,['University of Stuttgart'],['Germany'],Germany
Yukari Shirota,https://dl.acm.org/profile/81100229818,"['Gakushuin University', 'Ricoh Co., Ltd.', 'The University of Tokyo']","['Japan', 'Japan', 'Japan']",Japan
Yutaka Takahashi,https://dl.acm.org/profile/99658766578,['Senshu University'],['Japan'],Japan
Nobuhide Tanaka,https://dl.acm.org/profile/99658767957,['Gakushuin University'],['Japan'],Japan
Michiya Morita,https://dl.acm.org/profile/99658767496,['Gakushuin University'],['Japan'],Japan
Makiko Harada,https://dl.acm.org/profile/99658764981,['Tokyo Metropolitan University'],['Japan'],Japan
Hidenori Watanave,https://dl.acm.org/profile/81365592172,"['The University of Tokyo', 'Tokyo Metropolitan University']","['Japan', 'Japan']",Japan
Nozomi Tamaki,https://dl.acm.org/profile/99658767417,['Shimane University'],['Japan'],Japan
Masahito Hirakawa,https://dl.acm.org/profile/81100170303,"['Shimane University', 'Hiroshima University']","['Japan', 'Japan']",Japan
Harrison Cook,https://dl.acm.org/profile/99658765656,,,
Antoine Trouvé,https://dl.acm.org/profile/81456607597,['Kyushu University'],['Japan'],Japan
Kazuaki J Murakami,https://dl.acm.org/profile/99659767347,['Kyushu University'],['Japan'],Japan
Sayaka Yagi,https://dl.acm.org/profile/81508696579,['Ochanomizu University'],['Japan'],Japan
Masahiro Takatsuka,https://dl.acm.org/profile/81438595290,['The University of Sydney'],['Australia'],Australia
Hyoji Ha,https://dl.acm.org/profile/99658765559,['Ajou University'],['South Korea'],South Korea
Sungyun Bae,https://dl.acm.org/profile/99658768692,['Ajou University'],['South Korea'],South Korea
Shinya Tachihara,https://dl.acm.org/profile/99658767024,['Tokyo University of Science'],['Japan'],Japan
Takehiko Yamaguchi,https://dl.acm.org/profile/99658768992,"['Tokyo University of Science', ""Universite d'Angers"", 'University of Arkansas - Fayetteville']","['Japan', 'France', 'United States']",Japan
Naoki Ishiura,https://dl.acm.org/profile/99658768164,['Tokyo University of Science'],['Japan'],Japan
Mickaël Dinomais,https://dl.acm.org/profile/99658765383,"[""Universite d'Angers""]",['France'],France
Paul Richard,https://dl.acm.org/profile/81452605387,"[""Universite d'Angers""]",['France'],France
Sylvie Nguyen,https://dl.acm.org/profile/99658768472,,,
Tetsuji Takada,https://dl.acm.org/profile/81100211722,['The University of Electro-Communications'],['Japan'],Japan
Katsuhiro Amako,https://dl.acm.org/profile/99658765798,['The University of Electro-Communications'],['Japan'],Japan
Jiann Der Lee,https://dl.acm.org/profile/81384604143,"['Chang Gung University', 'National Taiwan University of Science and Technology']","['Taiwan', 'Taiwan']",Taiwan
Haoche Lee,https://dl.acm.org/profile/99658768773,['Chang Gung University'],['Taiwan'],Taiwan
Chunghung Hsieh,https://dl.acm.org/profile/99658768076,['Chang Gung University'],['Taiwan'],Taiwan
Chiehtsai Wu,https://dl.acm.org/profile/99658768982,['Chang Gung Memorial Hospital'],['Taiwan'],Taiwan
Shintseng Lee,https://dl.acm.org/profile/81322499106,"['Chang Gung Memorial Hospital', 'Chang Gung University']","['Taiwan', 'Taiwan']",Taiwan
Norio Katayama,https://dl.acm.org/profile/81100019210,['Research Organization of Information and Systems National Institute of Informatics'],['Japan'],Japan
Hiroshi Mo,https://dl.acm.org/profile/81100494174,['Research Organization of Information and Systems National Institute of Informatics'],['Japan'],Japan
Shin'ichi Satoh,https://dl.acm.org/profile/81100094722,['The University of Tokyo'],['Japan'],Japan
Mengjia Zhang,https://dl.acm.org/profile/99658765750,['Tianjin University'],['China'],China
Anatoly Yelizarov,https://dl.acm.org/profile/99658638712,['Lomonosov Moscow State University'],['Russia'],Russia
Dennis Yu Gamayunov,https://dl.acm.org/profile/81336489058,['Lomonosov Moscow State University'],['Russia'],Russia
Brady Cannon,https://dl.acm.org/profile/99658638266,['Micron Technology Incorporated'],['United States'],United States
Minoti Hiremath,https://dl.acm.org/profile/99658638173,['Boise State University'],['United States'],United States
Cheryl Jorcyk,https://dl.acm.org/profile/81481649504,['Boise State University'],['United States'],United States
Tze Haw Huang,https://dl.acm.org/profile/81430601375,['University of Technology Sydney'],['Australia'],Australia
Laiping Zhao,https://dl.acm.org/profile/81444602443,"['Tianjin University', 'Kyushu University']","['China', 'Japan']",China
Gao Yi,https://dl.acm.org/profile/99658640147,['The University of Tokyo'],['Japan'],Japan
Kazuyo Mizuno,https://dl.acm.org/profile/87958942257,['The University of Tokyo'],['Japan'],Japan
Hong Zhou,https://dl.acm.org/profile/81453634205,"['Shenzhen University', 'Hong Kong University of Science and Technology']","['China', 'Hong Kong']",China
Panpan Xu,https://dl.acm.org/profile/81487645560,"['Bosch Research and Technology Center', 'Hong Kong University of Science and Technology']","['United States', 'Hong Kong']",United States
Zhong Ming,https://dl.acm.org/profile/81100136462,"['Shenzhen University', 'Henan University']","['China', 'China']",China
Haile Vu,https://dl.acm.org/profile/81323497372,"['Monash University', 'Swinburne University of Technology']","['Australia', 'Australia']",Australia
Jan Wolter,https://dl.acm.org/profile/99658640625,['University of Paderborn'],['Germany'],Germany
Uwe Kastens,https://dl.acm.org/profile/81100449926,"['University of Paderborn', 'Karlsruhe Institute of Technology, Campus South']","['Germany', 'Germany']",Germany
Kaimin Chen,https://dl.acm.org/profile/99658641338,['National Chiao Tung University Taiwan'],['Taiwan'],Taiwan
Loredana Caruccio,https://dl.acm.org/profile/99658631520,['University of Salerno'],['Italy'],Italy
Vincenzo Deufemia,https://dl.acm.org/profile/81100475245,['University of Salerno'],['Italy'],Italy
Christopher D'Souza,https://dl.acm.org/profile/82459248057,"['Australian Catholic University', 'Western Sydney University']","['Australia', 'Australia']",Australia
Athula Ginige,https://dl.acm.org/profile/81100317930,"['The University of Sydney', 'Western Sydney University', 'Link Campus University']","['Australia', 'Australia', 'Italy']",Australia
Giuseppe Polese,https://dl.acm.org/profile/81100439669,"['University of Salerno', 'University of Pittsburgh']","['Italy', 'United States']",Italy
Andrew S Brunker,https://dl.acm.org/profile/99658641837,['Western Sydney University'],['Australia'],Australia
Anthony J Maeder,https://dl.acm.org/profile/81100346001,"['Flinders University', 'Western Sydney University', 'CSIRO Ict Centre', 'Queensland University of Technology']","['Australia', 'Australia', 'Australia', 'Australia']",Australia
Rhys Tague,https://dl.acm.org/profile/81479660336,['Western Sydney University'],['Australia'],Australia
Gregory S Kolt,https://dl.acm.org/profile/99658642575,['Western Sydney University'],['Australia'],Australia
Trevor N Savage,https://dl.acm.org/profile/99658640354,['Western Sydney University'],['Australia'],Australia
Corneel Vandelanotte,https://dl.acm.org/profile/99658640097,,,
Mitch J Duncan,https://dl.acm.org/profile/99658642637,,,
Cristina M Caperchione,https://dl.acm.org/profile/99658641098,['The University of British Columbia'],['Canada'],Canada
Richard R Rosenkranz,https://dl.acm.org/profile/99658640509,['Kansas State University'],['United States'],United States
Anetta Van Itallie,https://dl.acm.org/profile/99658641075,,,
W Kerry Mummery,https://dl.acm.org/profile/99658639143,['University of Alberta'],['Canada'],Canada
Isha Singh Jassi,https://dl.acm.org/profile/99658638828,['National Institute of Technology Karnataka'],['India'],India
S Ruchika,https://dl.acm.org/profile/99658638866,['National Institute of Technology Karnataka'],['India'],India
Susmitha Pulakhandam,https://dl.acm.org/profile/99658638735,['National Institute of Technology Karnataka'],['India'],India
Subhayan Mukherjee,https://dl.acm.org/profile/99658639930,['National Institute of Technology Karnataka'],['India'],India
T S Ashwin,https://dl.acm.org/profile/99658639596,['National Institute of Technology Karnataka'],['India'],India
Geereddy Ram Mohana Reddy,https://dl.acm.org/profile/81481646797,['National Institute of Technology Karnataka'],['India'],India
Mengyao Chen,https://dl.acm.org/profile/99658640683,['Tianjin University'],['China'],China
Cong Chen,https://dl.acm.org/profile/81549576556,['The University of Texas at Dallas'],['United States'],United States
Shuqing Liu,https://dl.acm.org/profile/81549254156,"['Tianjin University', 'Tsinghua University']","['China', 'China']",China
Xiaofei Guo,https://dl.acm.org/profile/84460111757,['Tsinghua University'],['China'],China
Juanzi Li,https://dl.acm.org/profile/81350597955,['Tsinghua University'],['China'],China
Ruibing Yang,https://dl.acm.org/profile/99658642128,['Tsinghua University'],['China'],China
Xiaoli Ma,https://dl.acm.org/profile/99658640108,['Tsinghua University'],['China'],China
Priyamvada Tiwari,https://dl.acm.org/profile/99658641267,['Indian Institute of Technology Guwahati'],['India'],India
Keyur Sorathia,https://dl.acm.org/profile/87958883657,['Indian Institute of Technology Guwahati'],['India'],India
Joris Suppers,https://dl.acm.org/profile/99658635275,['University of Waikato'],['New Zealand'],New Zealand
Mark D Apperley,https://dl.acm.org/profile/81100385323,"['University of Waikato', 'Massey University']","['New Zealand', 'New Zealand']",New Zealand
John Howse,https://dl.acm.org/profile/81548004966,['University of Brighton'],['U.K.'],U.K.
Weidong Huang,https://dl.acm.org/profile/81100080630,"['University of Technology Sydney', 'Swinburne University of Technology', 'University of Tasmania']","['Australia', 'Australia', 'Australia']",Australia
Jennifer Seevinck,https://dl.acm.org/profile/81100515420,"['Queensland University of Technology', 'University of Technology Sydney', 'Old Dominion University']","['Australia', 'Australia', 'United States']",Australia
Phillip Gough,https://dl.acm.org/profile/87958859657,"['The University of Sydney', 'Queensland University of Technology']","['Australia', 'Australia']",Australia
Xavier Ho,https://dl.acm.org/profile/99658638983,['The University of Sydney'],['Australia'],Australia
Kate Dunn,https://dl.acm.org/profile/99658638791,['The University of Sydney'],['Australia'],Australia
Ryuya Akase,https://dl.acm.org/profile/81508706255,['Kyushu University'],['Japan'],Japan
Yoshihiro Okada,https://dl.acm.org/profile/81100385632,"['Kyushu University', 'Ryukoku University']","['Japan', 'Japan']",Japan
Ning Li,https://dl.acm.org/profile/81550168756,['Shandong University'],['China'],China
Zhifang Jiang,https://dl.acm.org/profile/81548917056,['Shandong University'],['China'],China
Zixiang Liu,https://dl.acm.org/profile/82458926857,['Shandong University'],['China'],China
Haoxin Sun,https://dl.acm.org/profile/99658638818,['Shandong University'],['China'],China
Sakib Jalil,https://dl.acm.org/profile/99658641472,['James Cook University'],['Australia'],Australia
Trina S Myers,https://dl.acm.org/profile/81333490090,['James Cook University'],['Australia'],Australia
Ian M Atkinson,https://dl.acm.org/profile/81100309773,['James Cook University'],['Australia'],Australia
Minwook Kim,https://dl.acm.org/profile/99658637818,['Brigham Young University Hawaii'],['United States'],United States
Hiba Ahsan,https://dl.acm.org/profile/99658637904,['National Institute of Technology Karnataka'],['India'],India
Aarti Prabhu,https://dl.acm.org/profile/99658639837,['National Institute of Technology Karnataka'],['India'],India
S D Deeksha,https://dl.acm.org/profile/99658642946,['National Institute of Technology Karnataka'],['India'],India
Shridhar G Domanal,https://dl.acm.org/profile/99658641888,['National Institute of Technology Karnataka'],['India'],India
Dylan Mathiesen,https://dl.acm.org/profile/81550383556,['James Cook University'],['Australia'],Australia
Andrew Bennett,https://dl.acm.org/profile/99658639470,['University of Tasmania'],['Australia'],Australia
Christopher Lueg,https://dl.acm.org/profile/81100508565,"['Berner Fachhochschule', 'University of Tasmania', 'Charles Darwin University', 'University of Technology Sydney']","['Switzerland', 'Australia', 'Australia', 'Australia']",Switzerland
Jacob L Cybulski,https://dl.acm.org/profile/81100333166,"['Deakin University', 'University of Melbourne']","['Australia', 'Australia']",Australia
Susan Keller,https://dl.acm.org/profile/99658640486,['Deakin University'],['Australia'],Australia
Dilal Saundage,https://dl.acm.org/profile/99658641791,['Deakin University'],['Australia'],Australia
Kiho Sakamoto,https://dl.acm.org/profile/99658637874,['Ochanomizu University'],['Japan'],Japan
Lakkhana Mallikarachchi,https://dl.acm.org/profile/99658637926,['University of Colombo'],['Sri Lanka'],Sri Lanka
Anuja T Dharmaratne,https://dl.acm.org/profile/81100553482,"['Monash University Malaysia', 'Hiroshima University']","['Malaysia', 'Japan']",Malaysia
Yi Li,https://dl.acm.org/profile/81549490456,['Nanjing University'],['China'],China
Zhenfeng Wu,https://dl.acm.org/profile/99658639117,,,
Ting Sun,https://dl.acm.org/profile/99658639236,,,
Callum Parker,https://dl.acm.org/profile/99658641366,"['The University of Sydney', 'University of Tasmania']","['Australia', 'Australia']",Australia
Martin Tomitsch,https://dl.acm.org/profile/81100138830,"['The University of Sydney', 'Vienna University of Technology']","['Australia', 'Austria']",Australia
Alireza Rezaeian,https://dl.acm.org/profile/99658641418,['Queensland University of Technology'],['Australia'],Australia
Jared Donovan,https://dl.acm.org/profile/81100611794,"['Queensland University of Technology', 'University of Southern Denmark, Sønderborg']","['Australia', 'Denmark']",Australia
P K S Udana,https://dl.acm.org/profile/99658642936,['University of Colombo'],['Sri Lanka'],Sri Lanka
Fumie Banba,https://dl.acm.org/profile/99658639255,['Ochanomizu University'],['Japan'],Japan
Naruhito Toyoda,https://dl.acm.org/profile/81492654998,['Shiseido Company Ltd.'],['Japan'],Japan
Hitomi Otaka,https://dl.acm.org/profile/99658641213,['Shiseido Company Ltd.'],['Japan'],Japan
K K Nisha,https://dl.acm.org/profile/99659429762,['National Institute of Technology Karnataka'],['India'],India
H R Pruthvi,https://dl.acm.org/profile/99658641805,['National Institute of Technology Karnataka'],['India'],India
Shwetha N Hadimani,https://dl.acm.org/profile/99658639725,['National Institute of Technology Karnataka'],['India'],India
Madhawa Gunasekara,https://dl.acm.org/profile/99658638639,['University of Colombo'],['Sri Lanka'],Sri Lanka
Damitha Sandaruwan,https://dl.acm.org/profile/81502806530,['University of Colombo'],['Sri Lanka'],Sri Lanka
Hirantha Weerarathna,https://dl.acm.org/profile/99658641797,['University of Colombo'],['Sri Lanka'],Sri Lanka
Hiroki Fujita,https://dl.acm.org/profile/99658640964,['University of Toyama'],['Japan'],Japan
Yoshio Nakashima,https://dl.acm.org/profile/99658639441,['University of Toyama'],['Japan'],Japan
Mamoru Takamatsu,https://dl.acm.org/profile/99658639630,['University of Toyama'],['Japan'],Japan
Daniel Filonik,https://dl.acm.org/profile/81440621162,"['Epicentre', 'CSIRO Data61', 'UNSW Sydney', 'Queensland University of Technology']","['France', 'Australia', 'Australia', 'Australia']",France
Markus Rittenbruch,https://dl.acm.org/profile/81100268335,"['Queensland University of Technology', 'CSIRO Data61', 'The University of Queensland', 'University of Bonn']","['Australia', 'Australia', 'Australia', 'Germany']",Australia
Professor Marcus Foth,https://dl.acm.org/profile/81342494632,['Queensland University of Technology'],['Australia'],Australia
Paolo Bottoni,https://dl.acm.org/profile/81100425686,"['Sapienza University of Rome', 'University of Milan']","['Italy', 'Italy']",Italy
Kamen D Kanev,https://dl.acm.org/profile/81350572984,"['Shizuoka University', 'Ontario Tech University', 'The University of Aizu']","['Japan', 'Canada', 'Japan']",Japan
Nikolay N Mirenkov,https://dl.acm.org/profile/81100503196,"['The University of Aizu', 'Siberian Branch, Russian Academy of Sciences']","['Japan', 'Russia']",Japan
Lei Ren,https://dl.acm.org/profile/81552904056,"['Beihang University', 'Ministry of Education China']","['China', 'China']",China
Jin Cui,https://dl.acm.org/profile/99660111829,['Beihang University'],['China'],China
Yi Du,https://dl.acm.org/profile/81470647228,"['Chinese Academy of Sciences', 'University of Chinese Academy of Sciences']","['China', 'China']",China
Guozhong Dai,https://dl.acm.org/profile/81100172122,"['Institute of Software Chinese Academy of Sciences', 'Chinese Academy of Sciences', 'Nokia Corporation']","['China', 'China', 'Finland']",China
Haifeng Li,https://dl.acm.org/profile/81479657628,['Harbin Institute of Technology'],['China'],China
Dayi Yang,https://dl.acm.org/profile/82459167457,['Harbin Institute of Technology'],['China'],China
Yangyang Fu,https://dl.acm.org/profile/82459085757,['Harbin Institute of Technology'],['China'],China
Hujie Huang,https://dl.acm.org/profile/82458947557,['Harbin Institute of Technology'],['China'],China
Hongyuan Fang,https://dl.acm.org/profile/82458827157,['Harbin Institute of Technology'],['China'],China
Mofei Song,https://dl.acm.org/profile/81466644873,['Nanjing University'],['China'],China
Feiqian Zhang,https://dl.acm.org/profile/82458781457,['Nanjing University'],['China'],China
Zhengxing Sun,https://dl.acm.org/profile/81375607623,['Nanjing University'],['China'],China
Yan Zhang,https://dl.acm.org/profile/81408596522,"['Beijing Electronic Science and Technology Institute', 'Nanjing University']","['China', 'China']",China
Quan Li,https://dl.acm.org/profile/84460499457,['Tsinghua University'],['China'],China
Li Chen,https://dl.acm.org/profile/81550069356,['Tsinghua University'],['China'],China
Robert Wang,https://dl.acm.org/profile/82459274457,,,
Jun-Hai Yong,https://dl.acm.org/profile/81350568307,['Tsinghua University'],['China'],China
Detan Si,https://dl.acm.org/profile/82458816557,,,
Abhishek P Chhetri,https://dl.acm.org/profile/81472652484,['The University of Texas at Dallas'],['United States'],United States
Eakta Jain,https://dl.acm.org/profile/99659528788,"['Texas Instruments', 'The University of Texas at Dallas']","['United States', 'United States']",United States
Chenghai Zhang,https://dl.acm.org/profile/82459080257,['East China Normal University'],['China'],China
Zaijia Liu,https://dl.acm.org/profile/81549398556,['Tsinghua University'],['China'],China
Xianjunsam Zheng,https://dl.acm.org/profile/81416606402,"['Tsinghua University', 'Siemens USA']","['China', 'United States']",China
Mingyang Wu,https://dl.acm.org/profile/82458982257,['Tsinghua University'],['China'],China
Rui Dong,https://dl.acm.org/profile/82458977257,['Tsinghua University'],['China'],China
Kaiping Peng,https://dl.acm.org/profile/81549374356,['Tsinghua University'],['China'],China
Jie Liang,https://dl.acm.org/profile/81375593142,"['University of Technology Sydney', 'Peking University', 'Beijing University of Technology']","['Australia', 'China', 'China']",Australia
Rossella Aiello,https://dl.acm.org/profile/81500642052,['University of Salerno'],['Italy'],Italy
Giancarlo Nota,https://dl.acm.org/profile/81100355192,['University of Salerno'],['Italy'],Italy
Gennaro Costagliola,https://dl.acm.org/profile/81100149457,"['University of Salerno', 'IEEE']","['Italy', 'United States']",Italy
Fabrizio Torre,https://dl.acm.org/profile/82458760257,['University of Salerno'],['Italy'],Italy
Waihou Ao,https://dl.acm.org/profile/82458612157,['University of Macau'],['Macao'],Macao
Mattia de Rosa,https://dl.acm.org/profile/82459058457,['University of Salerno'],['Italy'],Italy
Andrew Fish,https://dl.acm.org/profile/81339499356,['University of Brighton'],['U.K.'],U.K.
Vittorio Fuccella,https://dl.acm.org/profile/81315488598,['University of Salerno'],['Italy'],Italy
Chenxi Li,https://dl.acm.org/profile/82459181257,['Nanjing University'],['China'],China
Yejia Zhang,https://dl.acm.org/profile/82458777657,['Nanjing University'],['China'],China
Tianyang Liu,https://dl.acm.org/profile/82459145257,['University of Tours'],['France'],France
Fatma Bouali,https://dl.acm.org/profile/81339491153,"['University of Lille', 'University of Tours']","['France', 'France']",France
Gilles Venturini,https://dl.acm.org/profile/81100271205,"['University of Tours', 'Paris-Sud University']","['France', 'France']",France
William Plant,https://dl.acm.org/profile/81453651594,['Aston University'],['U.K.'],U.K.
Gerald Schaefer,https://dl.acm.org/profile/81324493315,"['Loughborough University', 'Aston University', 'Nottingham Trent University', 'University of East Anglia']","['U.K.', 'U.K.', 'U.K.', 'U.K.']",U.K.
Xiangxu Meng,https://dl.acm.org/profile/81322501374,"['Shandong University', 'Ministry of Education China']","['China', 'China']",China
Xiaoting Bi,https://dl.acm.org/profile/82459232057,['Shandong University'],['China'],China
Shenghui Cheng,https://dl.acm.org/profile/81540747756,['Shandong University'],['China'],China
Gerry Derksen,https://dl.acm.org/profile/82459188557,['Winthrop University'],['United States'],United States
Stan Ruecker,https://dl.acm.org/profile/81363600690,"['University of Illinois Urbana-Champaign', 'IIT Research Institute', 'University of Alberta']","['United States', 'United States', 'Canada']",United States
Tim Causer,https://dl.acm.org/profile/82458635157,['University College London'],['U.K.'],U.K.
Melissa M Terras,https://dl.acm.org/profile/81548023973,"['The University of Edinburgh', 'University College London']","['U.K.', 'U.K.']",U.K.
Yingqing Xu,https://dl.acm.org/profile/99659643290,['Tsinghua University'],['China'],China
Michelle Xue Zhou,https://dl.acm.org/profile/81100264735,"['Utah State University', 'IBM Research - Almaden', 'IBM Research', 'International Business Machines']","['United States', 'United States', 'United States', 'United States']",United States
Jing Fan,https://dl.acm.org/profile/81388592076,"['Zhejiang University of Technology', 'College of Computer Science and Technology, Zhejiang University']","['China', 'China']",China
Xiaoying Shi,https://dl.acm.org/profile/81508690581,['Zhejiang University of Technology'],['China'],China
Zhan Zhou,https://dl.acm.org/profile/81549289956,['Zhejiang University of Technology'],['China'],China
Ying Tang,https://dl.acm.org/profile/81388598707,['Zhejiang University of Technology'],['China'],China
Xiaoping Fan,https://dl.acm.org/profile/81339498581,"['Central South University', 'Hunan University of Finance and Economics']","['China', 'China']",China
Ruobo Xin,https://dl.acm.org/profile/81549340856,['Shandong University'],['China'],China
Dongxu Duan,https://dl.acm.org/profile/81548713556,"['IBM Research - China', 'IBM China Company Limited']","['China', 'China']",China
Weihong Qian,https://dl.acm.org/profile/81442597296,"['IBM China Company Limited', 'IBM Research - China', 'IBM Research']","['China', 'China', 'United States']",China
Shimei Pan,https://dl.acm.org/profile/81100484491,"['University of Maryland, College Park (UMD)', 'University of Maryland, Baltimore County (UMBC)']","['United States', 'United States']",United States
Lei Shi,https://dl.acm.org/profile/99659747465,"['Institute of Software Chinese Academy of Sciences', 'Chinese Academy of Sciences']","['China', 'China']",China
Chuang Lin,https://dl.acm.org/profile/99659739027,"['Tsinghua University', 'Tsinghua National Laboratory for Information Science and Technology']","['China', 'China']",China
Jared Shenson,https://dl.acm.org/profile/81549326956,['Vanderbilt University'],['United States'],United States
Alark Joshi,https://dl.acm.org/profile/81504684109,['Boise State University'],['United States'],United States
Xiaojuan Liu,https://dl.acm.org/profile/81548522456,['Beijing Normal University'],['China'],China
Xia Lin,https://dl.acm.org/profile/81100220220,"['Drexel University', 'University of Maryland, College Park (UMD)', 'Pace University']","['United States', 'United States', 'United States']",United States
Tuannhon Dang,https://dl.acm.org/profile/81474659807,['University of Illinois at Chicago'],['United States'],United States
Leland K Wilkinson,https://dl.acm.org/profile/81100304143,"['University of Illinois at Chicago', 'Northwestern University']","['United States', 'United States']",United States
Li Yu,https://dl.acm.org/profile/81548739656,['The University of North Carolina at Charlotte'],['United States'],United States
Jiawan Zhang,https://dl.acm.org/profile/81453614419,['Tianjin University'],['China'],China
Peng Ye,https://dl.acm.org/profile/99659918096,['Soochow University'],['China'],China
Chenming Pang,https://dl.acm.org/profile/81549269856,['East China Normal University'],['China'],China
Roy Chi Kit Chan,https://dl.acm.org/profile/81548735956,['University of Macau'],['Macao'],Macao
Kewei Yang,https://dl.acm.org/profile/81548349256,['Nanjing University'],['China'],China
Jie Zhou,https://dl.acm.org/profile/81549407256,['Nanjing University'],['China'],China
Yi Li,https://dl.acm.org/profile/99659380172,['Nanjing University'],['China'],China
Xianlin Hu,https://dl.acm.org/profile/81467663707,['The University of North Carolina at Charlotte'],['United States'],United States
Lane T Harrison,https://dl.acm.org/profile/81435599709,"['Worcester Polytechnic Institute', 'Tufts University', 'The University of North Carolina at Charlotte']","['United States', 'United States', 'United States']",United States
Huaguang Song,https://dl.acm.org/profile/81548355456,"['University of the Pacific, California']",['United States'],United States
Jinzhu Gao,https://dl.acm.org/profile/81100132506,"['University of the Pacific, California', 'University of Minnesota System', 'Oak Ridge National Laboratory', 'IEEE', 'The Ohio State University']","['United States', 'United States', 'United States', 'United States', 'United States']",United States
Jiang Jian,https://dl.acm.org/profile/81548996956,['Tsinghua University'],['China'],China
Guanmin Liu,https://dl.acm.org/profile/81548461556,['Tsinghua University'],['China'],China
Chuncheng Lin,https://dl.acm.org/profile/81100227371,"['National Yang Ming Chiao Tung University', 'National Chiao Tung University Taiwan', 'University of Taipei']","['Taiwan', 'Taiwan', 'Taiwan']",Taiwan
Xiaoyu Wang,https://dl.acm.org/profile/81467645327,['The University of North Carolina at Charlotte'],['United States'],United States
Eric A. Bier,https://dl.acm.org/profile/81100084142,"['Palo Alto Research Center Incorporated', 'University of California, Berkeley']","['United States', 'United States']",United States
Thomas James Butkiewicz,https://dl.acm.org/profile/81367590837,"['University System of New Hampshire', 'University of New Hampshire Durham', 'The University of North Carolina at Charlotte']","['United States', 'United States', 'United States']",United States
William Ribarsky,https://dl.acm.org/profile/81100028256,"['The University of North Carolina at Charlotte', 'IEEE', 'Georgia Institute of Technology', 'Georgia Tech Research Institute']","['United States', 'United States', 'United States', 'United States']",United States
Wenwen Dou,https://dl.acm.org/profile/81414604610,['The University of North Carolina at Charlotte'],['United States'],United States
Cheongiao Pang,https://dl.acm.org/profile/81466645302,['University of Macau'],['Macao'],Macao
Felix Hon Hou Cheang,https://dl.acm.org/profile/81487645436,['University of Macau'],['Macao'],Macao
Takashi Yuki,https://dl.acm.org/profile/81487644992,['University of Tsukuba'],['Japan'],Japan
Zhirong Zeng,https://dl.acm.org/profile/81542207356,['Chinese Academy of Sciences'],['China'],China
Kun Wang,https://dl.acm.org/profile/81487643126,['Beijing Jiaotong University'],['China'],China
Dongxing Teng,https://dl.acm.org/profile/81384607002,"['Institute of Software Chinese Academy of Sciences', 'Chinese Academy of Sciences']","['China', 'China']",China
Yuri Saito,https://dl.acm.org/profile/81487645949,['Ochanomizu University'],['Japan'],Japan
Yasuhiko Sota,https://dl.acm.org/profile/81487652857,['Shimane University'],['Japan'],Japan
Keisuke Yamamoto,https://dl.acm.org/profile/81487646379,['Shimane University'],['Japan'],Japan
Souichiro Doi,https://dl.acm.org/profile/81487643213,,,
Yasuhisa Yamamoto,https://dl.acm.org/profile/81487645665,,,
Anna Wu,https://dl.acm.org/profile/81430655874,"['Pennsylvania State University', 'Tsinghua University']","['United States', 'China']",United States
Xin Yan,https://dl.acm.org/profile/81487647520,['Pennsylvania State University'],['United States'],United States
Xiaolong(Luke) Zhang,https://dl.acm.org/profile/81316491376,"['Pennsylvania State University', 'Taiyuan University of Technology', 'Drexel University', 'The University of Arizona']","['United States', 'China', 'United States', 'United States']",United States
Feng Tian,https://dl.acm.org/profile/81100106876,"['Institute of Software Chinese Academy of Sciences', 'Chinese Academy of Sciences']","['China', 'China']",China
Xiang Cao,https://dl.acm.org/profile/81100130420,"['Lenovo Group, China', 'Microsoft Research Asia', 'Microsoft Research', 'Microsoft Research Cambridge', 'University of Delaware']","['China', 'China', 'United States', 'U.K.', 'United States']",China
Fei Lyu,https://dl.acm.org/profile/81484645699,"['Beijing University of Posts and Telecommunications', 'Institute of Software Chinese Academy of Sciences']","['China', 'China']",China
Philip Trevor Cox,https://dl.acm.org/profile/81408600520,"['Dalhousie University', 'University of Waterloo']","['Canada', 'Canada']",Canada
Simon Gauvin,https://dl.acm.org/profile/81100654649,['Dalhousie University'],['Canada'],Canada
Jian Shi,https://dl.acm.org/profile/81487652078,['Chinese Academy of Sciences'],['China'],China
Ying Qiao,https://dl.acm.org/profile/81550008956,"['Institute of Software Chinese Academy of Sciences', 'Chinese Academy of Sciences']","['China', 'China']",China
Yi Zhang,https://dl.acm.org/profile/81487649595,['Tianjin University'],['China'],China
Lei Fu,https://dl.acm.org/profile/81467659085,['Tianjin University'],['China'],China
Qinghui Guo,https://dl.acm.org/profile/81487640674,['Tianjin University'],['China'],China
Jie Hao,https://dl.acm.org/profile/81418594635,['The University of Texas at Dallas'],['United States'],United States
Jiansu Pu,https://dl.acm.org/profile/81487651695,['Hong Kong University of Science and Technology'],['Hong Kong'],Hong Kong
Weiwei Cui,https://dl.acm.org/profile/81100228981,"['Microsoft Research Asia', 'Microsoft Research', 'Hong Kong University of Science and Technology']","['China', 'United States', 'Hong Kong']",China
Siyuan Liu,https://dl.acm.org/profile/88159345257,"['Carnegie Mellon University', 'Pennsylvania State University', 'Penn State Smeal College of Business']","['United States', 'United States', 'United States']",United States
Lionel Ming Shuan Ni,https://dl.acm.org/profile/81100358196,"['Hong Kong University of Science and Technology', 'University of Macau', 'Shanghai Jiao Tong University']","['Hong Kong', 'Macao', 'China']",Hong Kong
Yu Su,https://dl.acm.org/profile/81479650318,['Southern Methodist University'],['United States'],United States
Margaret H Dunham,https://dl.acm.org/profile/81409595451,"['Southern Methodist University', 'University of Virginia']","['United States', 'United States']",United States
Liang Gou,https://dl.acm.org/profile/81502758188,"['Bosch Research and Technology Center', 'Visa Inc.', 'IBM Research - Almaden', 'Pennsylvania State University']","['United States', 'United States', 'United States', 'United States']",United States
Fang You,https://dl.acm.org/profile/81351599219,['Sun Yat-Sen University'],['China'],China
Jun Guo,https://dl.acm.org/profile/81487643456,['Sun Yat-Sen University'],['China'],China
Luqi Wu,https://dl.acm.org/profile/81487650203,['Sun Yat-Sen University'],['China'],China
SuTe Lei,https://dl.acm.org/profile/81100482168,['The University of Texas at Dallas'],['United States'],United States
James D Hollan,https://dl.acm.org/profile/81332504463,"['University of California, San Diego', 'University of Maryland, College Park (UMD)']","['United States', 'United States']",United States
Ben Bederson,https://dl.acm.org/profile/81100083927,"['University of Maryland, College Park (UMD)', 'RISE, Swedish Institute of Computer Science']","['United States', 'Sweden']",United States
CÉcile Laurance Paris,https://dl.acm.org/profile/81100495902,"['CSIRO Data61', 'Macquarie University', 'Commonwealth Scientific and Industrial Research Organization']","['Australia', 'Australia', 'Australia']",Australia
Shengfeng Qin,https://dl.acm.org/profile/81100549711,"['Northumbria University', 'Brunel University London']","['U.K.', 'U.K.']",U.K.
Shaorong Wang,https://dl.acm.org/profile/81470646542,['Peking University'],['China'],China
Yisong Chen,https://dl.acm.org/profile/99659385433,['Peking University'],['China'],China
Guoping Wang,https://dl.acm.org/profile/81100213064,"['Peking University', 'Central China Normal University']","['China', 'China']",China
Miaomiao Li,https://dl.acm.org/profile/81470649191,['Shandong University'],['China'],China
Yan Huang,https://dl.acm.org/profile/99659592332,['Shandong University'],['China'],China
Shenfang Li,https://dl.acm.org/profile/81470648115,['Shandong University'],['China'],China
Ye Yuan,https://dl.acm.org/profile/81470641837,['Beijing Normal University'],['China'],China
Zhongke Wu,https://dl.acm.org/profile/81440595151,"['Beijing Normal University', 'Ministry of Education China', 'Nanyang Technological University']","['China', 'China', 'Singapore']",China
Jing Zhao,https://dl.acm.org/profile/81470647974,,,
Sheng Li,,['Peking University'],['China'],China
Lei Tang,https://dl.acm.org/profile/81456623039,['Shandong University'],['China'],China
Xueqing Li,https://dl.acm.org/profile/81460647035,['Shandong University'],['China'],China
Wenjing Qi,https://dl.acm.org/profile/99659630057,['Shandong University'],['China'],China
Anh Dang,https://dl.acm.org/profile/81314488396,['Dalhousie University'],['Canada'],Canada
Jiayao Chen,https://dl.acm.org/profile/81470649413,['Shandong University'],['China'],China
Xueqing Li,https://dl.acm.org/profile/99659399355,['Shandong University'],['China'],China
Jingzhao Yang,https://dl.acm.org/profile/81470641040,['Shandong University'],['China'],China
J Joshua Thomas,https://dl.acm.org/profile/81440610062,['UOW Malaysia KDU College'],['Malaysia'],Malaysia
Choychee Ken,https://dl.acm.org/profile/81470645933,['UOW Malaysia KDU College'],['Malaysia'],Malaysia
Xiongfei Luo,https://dl.acm.org/profile/81460642808,"['Chinese Academy of Sciences', 'Institute of Software Chinese Academy of Sciences']","['China', 'China']",China
Wei Liu,https://dl.acm.org/profile/81418594973,"['Chinese Academy of Sciences', 'Institute of Software Chinese Academy of Sciences']","['China', 'China']",China
Shijian Lu,https://dl.acm.org/profile/99659619706,['CSIRO Ict Centre'],['Australia'],Australia
Shaoke Zhang,https://dl.acm.org/profile/81430627791,['Pennsylvania State University'],['United States'],United States
Jing Wang,https://dl.acm.org/profile/81470645182,['Pennsylvania State University'],['United States'],United States
Hirofumi Miyamoto,https://dl.acm.org/profile/81470647019,['Shimane University'],['Japan'],Japan
Tatman Cheong,https://dl.acm.org/profile/81470654406,['University of Macau'],['Macao'],Macao
Yain Whar Si,https://dl.acm.org/profile/81100394289,"['University of Macau', 'Queensland University of Technology']","['Macao', 'Australia']",Macao
Guoray Cai,https://dl.acm.org/profile/81100429353,['Pennsylvania State University'],['United States'],United States
